repository,commit,filepath,reason,details
HanXHX/ansible-debian-bootstrap,4892f5d1d9c162fb63a79998e47ffceae4784bd6,tasks/hostname.yml,graphml_parse_failure,"not well-formed (invalid token): line 108, column 22"
HanXHX/ansible-debian-bootstrap,4892f5d1d9c162fb63a79998e47ffceae4784bd6,tasks/main.yml,graphml_parse_failure,"not well-formed (invalid token): line 130, column 22"
HanXHX/ansible-debian-bootstrap,0a798bfeb76ce11e962b6434ff78e163d4807ce6,tasks/hostname.yml,graphml_parse_failure,"not well-formed (invalid token): line 108, column 22"
HanXHX/ansible-debian-bootstrap,0a798bfeb76ce11e962b6434ff78e163d4807ce6,tasks/main.yml,graphml_parse_failure,"not well-formed (invalid token): line 130, column 22"
HanXHX/ansible-debian-bootstrap,a744b920e5d1947f0802e73f67622b8f021443d7,tasks/hostname.yml,graphml_parse_failure,"not well-formed (invalid token): line 108, column 22"
HanXHX/ansible-debian-bootstrap,a744b920e5d1947f0802e73f67622b8f021443d7,tasks/main.yml,graphml_parse_failure,"not well-formed (invalid token): line 130, column 22"
HanXHX/ansible-debian-bootstrap,dea690794edfe101bfb2a192c52879ff926f54e6,tasks/hostname.yml,graphml_parse_failure,"not well-formed (invalid token): line 108, column 22"
HanXHX/ansible-debian-bootstrap,dea690794edfe101bfb2a192c52879ff926f54e6,tasks/main.yml,graphml_parse_failure,"not well-formed (invalid token): line 130, column 22"
HanXHX/ansible-debian-bootstrap,eb790e6385f90a2242fe4b3e0d1b6a20ac554f9f,tasks/hostname.yml,graphml_parse_failure,"not well-formed (invalid token): line 108, column 22"
HanXHX/ansible-debian-bootstrap,eb790e6385f90a2242fe4b3e0d1b6a20ac554f9f,tasks/main.yml,graphml_parse_failure,"not well-formed (invalid token): line 145, column 22"
HanXHX/ansible-debian-bootstrap,969fd51ef4914fa699450881c0d2e7b3b0dcda43,tasks/hostname.yml,graphml_parse_failure,"not well-formed (invalid token): line 108, column 22"
HanXHX/ansible-debian-bootstrap,969fd51ef4914fa699450881c0d2e7b3b0dcda43,tasks/main.yml,graphml_parse_failure,"not well-formed (invalid token): line 145, column 22"
HanXHX/ansible-debian-bootstrap,53b2d0f53a97b3d4270f9373dd5d2a5acf21de17,tasks/hostname.yml,graphml_parse_failure,"not well-formed (invalid token): line 108, column 22"
HanXHX/ansible-debian-bootstrap,53b2d0f53a97b3d4270f9373dd5d2a5acf21de17,tasks/main.yml,graphml_parse_failure,"not well-formed (invalid token): line 145, column 22"
HanXHX/ansible-debian-bootstrap,0d8ce94afeef26fb19e7a6c6a237727df85e2c73,tasks/hostname.yml,graphml_parse_failure,"not well-formed (invalid token): line 108, column 22"
HanXHX/ansible-debian-bootstrap,0d8ce94afeef26fb19e7a6c6a237727df85e2c73,tasks/main.yml,graphml_parse_failure,"not well-formed (invalid token): line 145, column 22"
HanXHX/ansible-debian-bootstrap,be47b5e6a0aef5a559f6ed7f182d7d6d2fbee7c1,tasks/hostname.yml,graphml_parse_failure,"not well-formed (invalid token): line 108, column 22"
HanXHX/ansible-debian-bootstrap,be47b5e6a0aef5a559f6ed7f182d7d6d2fbee7c1,tasks/main.yml,graphml_parse_failure,"not well-formed (invalid token): line 145, column 22"
HanXHX/ansible-debian-bootstrap,5cbeb97854cb8307dc2c141f3a94465002b72007,tasks/hostname.yml,graphml_parse_failure,"not well-formed (invalid token): line 108, column 22"
HanXHX/ansible-debian-bootstrap,5cbeb97854cb8307dc2c141f3a94465002b72007,tasks/main.yml,graphml_parse_failure,"not well-formed (invalid token): line 145, column 22"
HanXHX/ansible-debian-bootstrap,71b8b0f1ca4bf08525769ef1cc1a71ec7e555b2d,tasks/hostname.yml,graphml_parse_failure,"not well-formed (invalid token): line 108, column 22"
HanXHX/ansible-debian-bootstrap,71b8b0f1ca4bf08525769ef1cc1a71ec7e555b2d,tasks/main.yml,graphml_parse_failure,"not well-formed (invalid token): line 145, column 22"
HanXHX/ansible-debian-bootstrap,f6b87d6cff1246d51b84f528414c2d4aa6bd5884,tasks/hostname.yml,graphml_parse_failure,"not well-formed (invalid token): line 108, column 22"
HanXHX/ansible-debian-bootstrap,f6b87d6cff1246d51b84f528414c2d4aa6bd5884,tasks/main.yml,graphml_parse_failure,"not well-formed (invalid token): line 164, column 22"
HanXHX/ansible-debian-bootstrap,c63150729e560a70ad5923c6c86825a7863e12c5,tasks/hostname.yml,graphml_parse_failure,"not well-formed (invalid token): line 108, column 22"
HanXHX/ansible-debian-bootstrap,c63150729e560a70ad5923c6c86825a7863e12c5,tasks/main.yml,graphml_parse_failure,"not well-formed (invalid token): line 164, column 22"
HanXHX/ansible-debian-bootstrap,801cb07fff39e355e58eaabc18d7b23693ea1ecc,tasks/hostname.yml,graphml_parse_failure,"not well-formed (invalid token): line 111, column 22"
HanXHX/ansible-debian-bootstrap,801cb07fff39e355e58eaabc18d7b23693ea1ecc,tasks/main.yml,graphml_parse_failure,"not well-formed (invalid token): line 218, column 22"
HanXHX/ansible-debian-bootstrap,ebb896264a762b90c1828b7d0fe80bb9cfd9e351,tasks/hostname.yml,graphml_parse_failure,"not well-formed (invalid token): line 111, column 22"
HanXHX/ansible-debian-bootstrap,ebb896264a762b90c1828b7d0fe80bb9cfd9e351,tasks/main.yml,graphml_parse_failure,"not well-formed (invalid token): line 218, column 22"
HanXHX/ansible-debian-bootstrap,617ef94330072725dbca905b7fa756252a646de5,tasks/hostname.yml,graphml_parse_failure,"not well-formed (invalid token): line 111, column 22"
HanXHX/ansible-debian-bootstrap,617ef94330072725dbca905b7fa756252a646de5,tasks/main.yml,graphml_parse_failure,"not well-formed (invalid token): line 218, column 22"
HanXHX/ansible-debian-bootstrap,a6457c4b16f3dea89b2434d2d5ce532c4dcb6ae2,tasks/hostname.yml,graphml_parse_failure,"not well-formed (invalid token): line 126, column 22"
HanXHX/ansible-debian-bootstrap,a6457c4b16f3dea89b2434d2d5ce532c4dcb6ae2,tasks/main.yml,graphml_parse_failure,"not well-formed (invalid token): line 253, column 22"
juju4/ansible-harden-windows,8cf0f3fd622d75673f6dad3f124d4a16fb537b66,tasks/windows.yml,graphml_parse_failure,"not well-formed (invalid token): line 1788, column 63"
juju4/ansible-harden-windows,8cf0f3fd622d75673f6dad3f124d4a16fb537b66,tasks/main.yml,graphml_parse_failure,"not well-formed (invalid token): line 1803, column 63"
juju4/ansible-harden-windows,534dd116a1b333b22be9e9140ae11b7e5872a62f,tasks/windows.yml,graphml_parse_failure,"not well-formed (invalid token): line 2936, column 63"
juju4/ansible-harden-windows,534dd116a1b333b22be9e9140ae11b7e5872a62f,tasks/main.yml,graphml_parse_failure,"not well-formed (invalid token): line 2951, column 63"
